CNET,8
ENOC,8
AIMC,8
PLXS,8
TTS,8
MYRG,8
AMGN,8
PPC,9
SIAL,8
AMOT,9
NAVI,9
SIMO,8
CPAH,8
CPGI,8
SIRO,8
AMSGP,8
SKYS,8
ANDE,8
KZ,8
UHAL,9
NEWS,8
HBP,8
APOL,8
CRTO,8
PSCM,8
CSB,8
HDNG,8
FANG,8
ARCB,8
FARO,8
ARIS,8
CSUN,8
CTAS,8
NSTG,8
FCEL,9
CTIC,9
FDIV,8
BWFG,8
ASCMA,8
CUBN,8
NVEC,8
HOLX,8
FFIV,8
SPSC,8
CYAD,8
CAMBW,8
SSB,8
HTCH,8
QUNR,9
LRAD,8
LTRPB,8
OFLX,8
RCKY,8
CBNJ,8
STRL,8
RECN,8
CCIH,8
MAYS,8
IDXX,8
MBLX,8
SWKS,8
BBOX,9
DJCO,8
ORBK,8
III,8
DRAD,8
CETV,8
ROIC,8
FTW,8
TCX,8
FWP,8
RPRX,8
RRD,8
IOSP,8
MGPI,8
MICTW,8
WTFCM,8
GBIM,8
CHRW,8
XBKS,8
